,Missing_Count,Missing_Percent
DTXSID,0,0.0
BLA_PREFERRED NAME,9497,86.16
BLA_CASRN,9497,86.16
BLA_MOLECULAR FORMULA,9559,86.72
BLA_MONOISOTOPIC MASS,9497,86.16
BLA_TOXCAST ACTIVE,9497,86.16
BLA_TOXCAST TOTAL,9497,86.16
BLA_% TOXCAST ACTIVE,9497,86.16
BLA_HIT CALL,9497,86.16
BLA_CONTINUOUS HIT CALL,9497,86.16
BLA_TOP,9497,86.16
BLA_SCALED TOP,9497,86.16
BLA_AC50,9497,86.16
BLA_LOGAC50,9497,86.16
MDAKB2_PREFERRED NAME,9566,86.78
MDAKB2_CASRN,9566,86.78
MDAKB2_MOLECULAR FORMULA,9599,87.08
MDAKB2_MONOISOTOPIC MASS,9566,86.78
MDAKB2_TOXCAST ACTIVE,9566,86.78
MDAKB2_TOXCAST TOTAL,9566,86.78
MDAKB2_% TOXCAST ACTIVE,9566,86.78
MDAKB2_HIT CALL,9566,86.78
MDAKB2_CONTINUOUS HIT CALL,9566,86.78
MDAKB2_TOP,9566,86.78
MDAKB2_SCALED TOP,9566,86.78
MDAKB2_AC50,9566,86.78
MDAKB2_LOGAC50,9566,86.78
BLA_VIABILITY_RECORDS,2718,24.66
BLA_ACTIVE_VIABILITY_RECORDS,2718,24.66
BLA_ANY_VIABILITY_ACTIVE,2718,24.66
BLA_VIABILITY_STATUS,2718,24.66
MDAKB2_VIABILITY_RECORDS,3152,28.59
MDAKB2_ACTIVE_VIABILITY_RECORDS,3152,28.59
MDAKB2_ANY_VIABILITY_ACTIVE,3152,28.59
MDAKB2_VIABILITY_STATUS,3152,28.59
