DTXSID,PREFERRED NAME,CASRN,MOLECULAR FORMULA,MONOISOTOPIC MASS,TOXCAST ACTIVE,TOXCAST TOTAL,% TOXCAST ACTIVE,HIT CALL,CONTINUOUS HIT CALL,TOP,SCALED TOP,AC50,LOGAC50
https://comptox.epa.gov/dashboard/chemical/details/DTXSID0044367,Tetradonium bromide,1119-97-7,C17H38BrN,335.218763,290,465,62,Active,0.9926031351285046,-37.92885036563947,1.7298192998988944,45.33010397046874,1.6563867151705138
https://comptox.epa.gov/dashboard/chemical/details/DTXSID2022381,meso-Hexestrol,84-16-2,C18H22O2,270.161980,335,722,46,Active,0.9999999956113055,-86.38451955704659,3.9397347323145877,0.4159540460596743,-0.3809546468855249
https://comptox.epa.gov/dashboard/chemical/details/DTXSID2024242,Paclobutrazol,76738-62-0,C15H20ClN3O,293.129490,95,696,14,Active,0.999547629250859,-40.65737980423816,1.8542592140468361,10.023536425647961,1.0010209729463357
https://comptox.epa.gov/dashboard/chemical/details/DTXSID3022370,Progesterone,57-83-0,C21H30O2,314.224580,261,660,40,Active,0.9999202179890405,-98.0507703324972,4.471796884325313,0.01843194830835717,-1.734428756216231
https://comptox.epa.gov/dashboard/chemical/details/DTXSID3024235,Flusilazole,85509-19-9,C16H15F2N3Si,315.100330,281,766,37,Active,0.9999999721850689,-91.05443731275051,4.1527154523966106,3.1635639770180832,0.500176621657495
https://comptox.epa.gov/dashboard/chemical/details/DTXSID3020122,Azinphos-methyl,86-50-0,C10H12N3O3PS2,317.005771,176,835,21,Active,0.9999986258202794,-51.71375413117912,2.358506759471396,10.918401842506762,1.0381590741036435
https://comptox.epa.gov/dashboard/chemical/details/DTXSID6040747,17alpha-Hydroxyprogesterone,68-96-2,C21H30O3,330.219495,86,652,13,Active,1,-103.99436940891064,4.742866328669856,0.014853519953331855,-1.8281706160329112
https://comptox.epa.gov/dashboard/chemical/details/DTXSID0032601,Cyproconazole,94361-06-5,C15H18ClN3O,291.113840,104,715,15,Active,0.9772674595297473,-30.984291506787976,1.4130991296981168,25,1.3979400086720377
https://comptox.epa.gov/dashboard/chemical/details/DTXSID0032655,Triticonazole,131983-72-7,C17H20ClN3O,317.129490,100,767,13,Active,0.9999999762432129,-73.75519113776025,3.3637495433663287,0.9548793303789,-0.020051507433805415
https://comptox.epa.gov/dashboard/chemical/details/DTXSID0034192,17beta-Trenbolone,10161-33-8,C18H22O2,270.161980,189,717,26,Active,0.9999999997164011,-98.85450756303754,4.508452890506177,0.000345024821408487,-3.4621496602514354
https://comptox.epa.gov/dashboard/chemical/details/DTXSID0048183,(-)-Enterolactone,77756-20-8,C18H18O4,298.120509,35,478,7,Active,0.9999985997465219,-114.09407664791736,5.203483203079249,1.0091385671310358,0.003950804302855737
https://comptox.epa.gov/dashboard/chemical/details/DTXSID1034187,Tamoxifen,10540-29-1,C26H29NO,371.224915,371,750,49,Active,0.9999999984056173,-73.7883689166687,3.3652626807730877,0.788249450489199,-0.10333632333881673
https://comptox.epa.gov/dashboard/chemical/details/DTXSID1034634,Forchlorfenuron,68157-60-8,C12H10ClN3O,247.051240,246,692,36,Active,0.9995738715732477,-38.38449582902522,1.750599901179393,5.133261742911366,0.7103934093229002
https://comptox.epa.gov/dashboard/chemical/details/DTXSID1047310,Farglitazar,196808-45-4,C34H30N2O5,546.215472,351,720,49,Active,0.9999999918913128,-68.299311227785,3.114923484173255,1.9230381904511655,0.28398790916698124
https://comptox.epa.gov/dashboard/chemical/details/DTXSID1047312,GSK232420A,864283-48-7,C12H9F6N3O,325.064981,44,614,7,Active,0.9999999925518372,-82.69798928658496,3.77160331915467,0.5298243571051723,-0.27586808017767406
https://comptox.epa.gov/dashboard/chemical/details/DTXSID2035013,Zinc chloride,7646-85-7,Cl2Zn,133.866847,45,346,13,Active,0.9998577898796305,-43.62028812631332,1.9893884349419617,20.585918365196324,1.3135702462201015
https://comptox.epa.gov/dashboard/chemical/details/DTXSID2047309,UK-156819,162706-14-1,C19H20N2O2,308.152478,37,611,6,Active,0.9999405840665302,-49.139211368424085,2.241089708427234,15.598890809650102,1.1930937180740386
https://comptox.epa.gov/dashboard/chemical/details/DTXSID2047351,SSR 240612,464930-42-5,C42H53ClN4O7S,792.332349,347,656,53,Active,0.9999999900335066,-90.1330342495858,4.110693066105351,2.3144816016285015,0.36445373282115134
https://comptox.epa.gov/dashboard/chemical/details/DTXSID3031864,Perfluorooctanesulfonic acid,1763-23-1,C8HF17O3S,499.937494,303,1055,29,Active,0.9999844033315429,-81.30125665612312,3.7079025995789396,11.067778925754117,1.0440604757052747
https://comptox.epa.gov/dashboard/chemical/details/DTXSID3032549,Fenhexamid,126833-17-8,C14H17Cl2NO2,301.063634,112,699,16,Active,0.9999999970307794,-58.55030923329318,2.6703012074036376,1.6880902920400997,0.22739567231691185
https://comptox.epa.gov/dashboard/chemical/details/DTXSID3034165,Nilutamide,63612-50-0,C12H10F3N3O4,317.062340,116,648,18,Active,0.9999999897386445,-94.3156128095666,4.3014477303424865,0.005390463911511915,-2.2683738571620777
https://comptox.epa.gov/dashboard/chemical/details/DTXSID2037712,"4,4',4''-Ethane-1,1,1-triyltriphenol",27955-94-8,C20H18O3,306.125594,295,648,46,Active,0.9999999994992139,-112.56376746329053,5.133690463861976,0.9113862472181073,-0.0402975291904264
https://comptox.epa.gov/dashboard/chemical/details/DTXSID5051650,"4,4'-(Isopropylidenebis(4,1-phenyleneoxy))dianiline",13080-86-9,C27H26N2O2,410.199428,63,221,29,Active,0.9914920201747469,-43.31646464651891,1.9755319717472077,9.004148993839626,0.95444267276418
https://comptox.epa.gov/dashboard/chemical/details/DTXSID7052571,1-Chloroanthraquinone,82-44-0,C14H7ClO2,242.013457,21,223,9,Active,0.9999999980107837,-88.85237433749239,4.052286069552856,2.0619829312003137,0.3142850659347927
https://comptox.epa.gov/dashboard/chemical/details/DTXSID0020814,Mestranol,72-33-3,C21H26O2,310.193280,137,539,25,Active,0.9990203535414303,-72.82017935775912,3.3211065049645105,0.008464483813917893,-2.072399521146587
https://comptox.epa.gov/dashboard/chemical/details/DTXSID0021256,Sulfasalazine,599-79-1,C18H14N4O5S,398.068491,50,680,7,Active,0.9999960851524912,-64.50696056793231,2.9419659254769757,2.8702057633950546,0.457913032170864
https://comptox.epa.gov/dashboard/chemical/details/DTXSID3036496,Levonorgestrel,797-63-7,C21H28O2,312.208930,85,671,13,Active,0.9999999999248428,-83.59481179740392,3.8125046613478366,0.0015262613253170059,-2.816371100439734
https://comptox.epa.gov/dashboard/chemical/details/DTXSID3036525,Androsterone,53-41-8,C19H30O2,290.224580,53,333,16,Active,0.9999999338326246,-77.24794006480793,3.523043179884815,12.506143019841115,1.09712339095049
https://comptox.epa.gov/dashboard/chemical/details/DTXSID3037094,4-Hydroxytamoxifen,68392-35-8,C26H29NO2,387.219829,361,715,50,Active,0.9999999998954996,-100.7806127524924,4.596296679554231,0.6527485230715884,-0.18525410215164373
https://comptox.epa.gov/dashboard/chemical/details/DTXSID3047429,Dexamethasone sodium phosphate,2392-39-4,C22H28FNa2O8P,516.130122,87,736,12,Active,0.9999999999952361,-83.71801524929388,3.818123595400383,1.2522859518031912,0.09770350867507745
https://comptox.epa.gov/dashboard/chemical/details/DTXSID4032613,Fenitrothion,122-14-5,C9H12NO5PS,277.017381,145,787,18,Active,0.9999999999999124,-96.71531086701789,4.410890647111449,0.08248218382706836,-1.083639849040135
https://comptox.epa.gov/dashboard/chemical/details/DTXSID5029055,"4-Nonylphenol, branched",84852-15-3,, ,344,796,43,Active,0.9999977892803507,-72.65584928002518,3.313611910815789,13.346370590947009,1.1253631798110815
https://comptox.epa.gov/dashboard/chemical/details/DTXSID5048506,PharmaGSID_48506,588941-45-1,C19H22ClN3O3S,407.107040,159,604,26,Active,0.9999999341271044,-91.5037133610016,4.173205564059765,25.89853102919017,1.4132751314940228
https://comptox.epa.gov/dashboard/chemical/details/DTXSID7030698,alpha-Cyclodextrin,10016-20-3,C36H60O30,972.316941,11,589,2,Active,0.9999989944661531,-69.64910210232654,3.176483333288128,3.8528148002509077,0.5857781335491645
https://comptox.epa.gov/dashboard/chemical/details/DTXSID0021543,1-Chlorooctane,111-85-3,C8H17Cl,148.101878,10,335,3,Active,0.9999999996078747,-92.81000882644399,4.232781720091632,3.1597506045821273,0.4996528056158361
https://comptox.epa.gov/dashboard/chemical/details/DTXSID1020433,"3,3'-Dichlorobenzidine dihydrochloride",612-83-9,C12H12Cl4N2,323.975459,155,487,32,Active,0.9999999999999976,-101.75608540539247,4.640785015088881,0.1572153515333538,-0.8035050488773692
https://comptox.epa.gov/dashboard/chemical/details/DTXSID5041306,"2,2',4,4'-Tetrahydroxybenzophenone",131-55-5,C13H10O5,246.052823,146,737,20,Active,0.9999999999403412,-92.34871942299262,4.211743715901241,1.3884164568030064,0.14251975269195452
https://comptox.epa.gov/dashboard/chemical/details/DTXSID6041636,(+/-)-alpha-Methylbenzyl acetate,93-92-5,C10H12O2,164.083730,2,361,1,Active,0.9999999711356372,-77.97370059324285,3.556142906269585,10.729412127944455,1.0305759273169337
https://comptox.epa.gov/dashboard/chemical/details/DTXSID8022377,17alpha-Estradiol,57-91-0,C18H24O2,272.177630,195,664,29,Active,0.9999999978956021,-85.45755944373164,3.8974589058977323,0.004435944407712059,-2.353013905168318
https://comptox.epa.gov/dashboard/chemical/details/DTXSID1020485,C.I. Disperse Black 6 dihydrochloride,20325-40-0,C14H18Cl2N2O2,316.074533,231,632,37,Active,0.9999962221321483,-62.417206873095694,2.846658626718503,7.228183242555714,0.859029153880877
https://comptox.epa.gov/dashboard/chemical/details/DTXSID1020699,4-Hexylresorcinol,136-77-6,C12H18O2,194.130680,246,655,38,Active,0.9999975603206104,-54.397099381652225,2.4808859604704705,8.253239856624914,0.9166244668099344
https://comptox.epa.gov/dashboard/chemical/details/DTXSID1020855,Methyl parathion,298-00-0,C8H10NO5PS,263.001731,138,818,17,Active,0.9999999973529075,-81.978851657011,3.7388056430076624,1.1789658941041865,0.07150124172223439
https://comptox.epa.gov/dashboard/chemical/details/DTXSID1022180,"(1R,2S,5R)-(-)-Menthol",2216-51-5,C10H20O,156.151415,2,338,1,Active,0.9999999034311149,-43.542123511154216,1.9858235850040402,13.099893832273606,1.1172677759424383
https://comptox.epa.gov/dashboard/chemical/details/DTXSID1032355,Clomazone,81777-89-1,C12H14ClNO2,239.071306,52,668,8,Active,0.999999954333607,-102.26119998189533,4.663821751891389,7.354942337712577,0.8665792722353495
https://comptox.epa.gov/dashboard/chemical/details/DTXSID8024280,Propiconazole,60207-90-1,C15H17Cl2N3O2,341.069782,252,800,32,Active,0.9998438112940492,-49.67964561745741,2.265737267878472,18.10351079027201,1.2577628052000973
https://comptox.epa.gov/dashboard/chemical/details/DTXSID9047540,3-Hydroxyfluorene,6344-67-8,C13H10O,182.073165,190,662,29,Active,0.9999998713289827,-97.80502024103492,4.460588971428789,6.891830195080633,0.8383345685078591
https://comptox.epa.gov/dashboard/chemical/details/DTXSID7034545,Dimethomorph,110488-70-5,C21H22ClNO4,387.123736,129,727,18,Active,0.9999999937896944,-87.82290967462211,4.005335322951526,1.7885207157928023,0.25249397479105434
https://comptox.epa.gov/dashboard/chemical/details/DTXSID7047433,Equilin,474-86-2,C18H20O2,268.146330,137,571,24,Active,0.9999999990272045,-90.8582070802356,4.143765989384796,0.6613629617722083,-0.17956013048121836
https://comptox.epa.gov/dashboard/chemical/details/DTXSID8031863,Perfluorononanoic acid,375-95-1,C9HF17O2,463.970508,239,764,31,Active,0.9976793785576118,-43.94147397133932,2.0040367427136,7.883389429555424,0.8967129806957788
https://comptox.epa.gov/dashboard/chemical/details/DTXSID8033562,Hydroxyflutamide,52806-53-8,C11H11F3N2O4,292.067091,130,676,19,Active,0.9999672033201388,-119.09700471375353,5.431651508758486,0.1398992087347348,-0.8541847418563512
https://comptox.epa.gov/dashboard/chemical/details/DTXSID8034956,Tetraconazole,112281-77-3,C13H11Cl2F4N3O,371.021530,290,726,40,Active,0.9999999878374016,-93.93119210554943,4.283915473322326,3.2982543855104827,0.5182841485683316
https://comptox.epa.gov/dashboard/chemical/details/DTXSID8047262,CI-1029,207736-05-8,C28H37NO4S,483.244330,56,678,8,Active,0.9943637016928191,-31.93032186953735,1.4562446920866021,9.33053553304079,0.9699065711173296
https://comptox.epa.gov/dashboard/chemical/details/DTXSID8047890,"3,3'-Dimethylbisphenol A",79-97-0,C17H20O2,256.146330,200,466,43,Active,0.9999999833940237,-86.79324122894931,3.958375282437477,2.9281093008789374,0.4665872840948987
https://comptox.epa.gov/dashboard/chemical/details/DTXSID9036515,Testosterone propionate,57-85-2,C22H32O3,344.235145,263,673,39,Active,0.9999331288936024,-60.571140699402434,2.762465173308746,0.026819330673793437,-1.5715520649745527
https://comptox.epa.gov/dashboard/chemical/details/DTXSID9047259,"1,3-Dichloro-6,7,8,9,10,12-hexahydroazepino[2,1-b]quinazoline hydrochloride (1:1)",149062-75-9,C13H15Cl3N2,304.030082,86,650,13,Active,0.999997838998728,-59.09392114929608,2.695093690563336,4.842452369627713,0.6850653576906659
https://comptox.epa.gov/dashboard/chemical/details/DTXSID9047592,9-Phenanthrol,484-17-3,C14H10O,194.073165,327,678,48,Active,0.9987014792221435,-57.889059984993,2.6401436439466255,19.243563814642314,1.2842855043809729
https://comptox.epa.gov/dashboard/chemical/details/DTXSID9047598,"4,4'-Sulfonylbis[2-(prop-2-en-1-yl)phenol]",41481-66-7,C18H18O4S,330.092580,334,740,45,Active,0.9999954751694584,-101.47243016933317,4.627848364040337,6.161122202284464,0.7896598228579269
https://comptox.epa.gov/dashboard/chemical/details/DTXSID9048510,PharmaGSID_48510,460081-99-6,C21H16F4N2O4,436.104620,129,623,21,Active,0.9999999999999983,-99.7851497395913,4.55089664460849,0.01864545107383785,-1.7294271056516104
https://comptox.epa.gov/dashboard/chemical/details/DTXSID2021286,Styrene oxide,96-09-3,C8H8O,120.057515,8,587,1,Active,0.9138573767445719,-35.14008239958208,1.602632090054114,6.563502327911716,0.8171356436126663
https://comptox.epa.gov/dashboard/chemical/details/DTXSID3020465,Diethylstilbestrol,56-53-1,C18H20O2,268.146330,423,838,50,Active,0.9999946590919648,-37.75083812314887,1.72170070390376,0.2922052975266528,-0.5343119148023455
https://comptox.epa.gov/dashboard/chemical/details/DTXSID3021770,"2,2',6,6'-Tetrachlorobisphenol A",79-95-8,C15H12Cl4O2,363.959140,241,566,43,Active,0.9999999986127566,-89.0151515145998,4.059709840635528,18.691587407026706,1.271646185960813
https://comptox.epa.gov/dashboard/chemical/details/DTXSID4020791,Malathion,121-75-5,C10H19O6PS2,330.036068,134,775,17,Active,0.9596093629266786,-31.902057453987343,1.4549556382121125,25,1.3979400086720377
https://comptox.epa.gov/dashboard/chemical/details/DTXSID4021185,Prednisone,53-03-2,C21H26O5,358.178024,46,653,7,Active,0.9999982414295598,-103.55593787700943,4.722870802355301,2.7580602458422327,0.44060374847908945
https://comptox.epa.gov/dashboard/chemical/details/DTXSID4021478,Lynestrenol,52-76-6,C20H28O,284.214016,280,474,59,Active,0.9999999999790221,-76.40135051961957,3.4844328101994178,1.8542911791129089,0.26817793237194143
https://comptox.epa.gov/dashboard/chemical/details/DTXSID5020154,Clorophene,120-32-1,C13H11ClO,218.049843,340,868,39,Active,0.999999951136057,-92.3499128318339,4.211798143642299,5.279896027641552,0.722625370437953
https://comptox.epa.gov/dashboard/chemical/details/DTXSID5020366,Cyproterone acetate,427-51-0,C24H29ClO4,416.175437,176,698,25,Active,0.9999906615982068,-188.57142826360882,8.600168285495855,0.9125041374811016,-0.03976515768667927
https://comptox.epa.gov/dashboard/chemical/details/DTXSID5020576,17alpha-Ethinylestradiol,57-63-6,C20H24O2,296.177630,220,734,30,Active,0.9999999977220754,-79.28916908176541,3.6161374159348867,0.00722644139857301,-2.1410755147981746
https://comptox.epa.gov/dashboard/chemical/details/DTXSID5020819,Methidathion,950-37-8,C6H11N2O4PS3,301.961857,81,688,12,Active,0.9884063595793011,-39.205641760525985,1.788049865168554,25,1.3979400086720377
https://comptox.epa.gov/dashboard/chemical/details/DTXSID5020867,"4,4'-Methylenebis(o-toluidine)",838-88-0,C15H18N2,226.146999,80,644,12,Active,0.9959208515955432,-56.02614240176544,2.5551816490925083,13.761299146464928,1.1386594357532436
https://comptox.epa.gov/dashboard/chemical/details/DTXSID5020944,Nitrofurazone,59-87-0,C6H6N4O4,198.038905,79,602,13,Active,0.9999844339294841,-38.74725248820986,1.7671441271228425,30.08335932294024,1.4783263310537558
https://comptox.epa.gov/dashboard/chemical/details/DTXSID5021413,"Tris(2,3-dibromopropyl) phosphate",126-72-7,C9H15Br6O4P,691.580824,142,487,29,Active,0.999999997308381,-81.32459043949663,3.7089667823429853,6.627395181042125,0.8213428676529632
https://comptox.epa.gov/dashboard/chemical/details/DTXSID6020690,Hexachlorophene,70-30-4,C13H6Cl6O2,403.849896,333,556,60,Active,0.9999940628031654,-103.11988802960418,4.702983897413861,23.996216008009924,1.3801427626946774
https://comptox.epa.gov/dashboard/chemical/details/DTXSID6020939,Nitrilotriacetic acid,139-13-9,C6H9NO6,191.042987,15,627,2,Active,0.9083857135700774,-31.26585086150927,1.4259401939847687,6.166907141786991,0.7900674090857622
https://comptox.epa.gov/dashboard/chemical/details/DTXSID6021450,C.I. Disperse Yellow 3,2832-40-8,C15H15N3O2,269.116427,78,333,23,Active,0.9999571308416394,-46.99395300640209,2.143251010915407,31.409359070882303,1.4970590744176366
https://comptox.epa.gov/dashboard/chemical/details/DTXSID7020182,Bisphenol A,80-05-7,C15H16O2,228.115030,236,981,24,Active,0.999999763494637,-76.16120369000907,3.4734804450033954,5.33412918299139,0.7270635293105406
https://comptox.epa.gov/dashboard/chemical/details/DTXSID7020764,Chlorpropham,101-21-3,C10H12ClNO2,213.055656,78,687,11,Active,0.9999999995150965,-92.76771141607759,4.230852664080648,9.259424885788487,0.9665840129578425
https://comptox.epa.gov/dashboard/chemical/details/DTXSID7020843,"Methyl (9Z,12Z)-octadecadienoate",112-63-0,C19H34O2,294.255880,188,493,38,Active,0.9999999990381679,-85.93463411701325,3.9192168281489983,2.6890034022980607,0.42959135172063845
https://comptox.epa.gov/dashboard/chemical/details/DTXSID7021150,Phenylmercuric acetate,62-38-4,C8H8HgO2,338.023072,503,740,68,Active,0.9998555336796479,-82.15546091669194,3.7468602532315907,16.936032386154686,1.2288116754975873
https://comptox.epa.gov/dashboard/chemical/details/DTXSID7021152,4-Phenylphenol,92-69-3,C12H10O,170.073165,138,539,26,Active,0.9999998750372067,-79.18846242143141,3.6115444919998145,4.306551035777759,0.634129598289753
https://comptox.epa.gov/dashboard/chemical/details/DTXSID7021233,FD&C Red 3,16423-68-0,C20H6I4Na2O5,879.618940,205,487,42,Active,0.9160264371706346,-33.92527448888649,1.547228402641147,6.25,0.7958800173440752
https://comptox.epa.gov/dashboard/chemical/details/DTXSID7021239,Retinoic acid,302-79-4,C20H28O2,300.208930,268,717,37,Active,0.9989500940079549,-39.57739201103216,1.8050042614096378,8.332826965598233,0.9207923636249943
https://comptox.epa.gov/dashboard/chemical/details/DTXSID7025219,Sodium dodecylbenzenesulfonate,25155-30-0,, ,278,729,38,Active,0.995126176925715,-38.78884794277255,1.7690411690684058,8.851432158152365,0.9470135450551299
https://comptox.epa.gov/dashboard/chemical/details/DTXSID0032493,Triadimenol,55219-65-3,C14H18ClN3O2,295.108754,116,733,16,Active,0.9999688772306999,-61.57368755308601,2.808188280648847,14.507398644028985,1.1615895450478597
https://comptox.epa.gov/dashboard/chemical/details/DTXSID0032572,Prallethrin,23031-36-9,C19H24O3,300.172545,218,792,28,Active,0.9999999103340035,-98.73245869499573,4.502886613505048,11.92586012168692,1.0764897112032668
https://comptox.epa.gov/dashboard/chemical/details/DTXSID0038887,Fluorescein,2321-07-5,C20H12O5,332.068473,78,499,16,Active,0.9771476776493778,-31.85399441676867,1.4527636295276642,25,1.3979400086720377
https://comptox.epa.gov/dashboard/chemical/details/DTXSID1032484,Temephos,3383-96-8,C16H20O6P2S3,465.989726,136,504,27,Active,0.9979003823898858,-38.19386428840183,1.7419057774461162,17.853605460419786,1.2517259332464106
https://comptox.epa.gov/dashboard/chemical/details/DTXSID1033664,17-Methyltestosterone,58-18-4,C20H30O2,302.224580,160,708,23,Active,0.9999999996199157,-98.6182105979444,4.497676105900653,0.0016850967958831065,-2.77337514718997
https://comptox.epa.gov/dashboard/chemical/details/DTXSID8020337,Clomiphene citrate (1:1),50-41-9,C32H36ClNO8,597.212945,447,806,55,Active,0.9999999997141772,-102.3629886338761,4.668464022168753,0.3487780861060212,-0.4574508098123121
https://comptox.epa.gov/dashboard/chemical/details/DTXSID8020620,Fenthion,55-38-9,C10H15O3PS2,278.020024,118,752,16,Active,0.9999999992729035,-69.64104518075044,3.1761158816436477,4.0635823027076015,0.6089090602620459
https://comptox.epa.gov/dashboard/chemical/details/DTXSID8021771,4-(2-Methylbutan-2-yl)phenol,80-46-6,C11H16O,164.120115,127,678,19,Active,0.98979220022819,-32.45993117506727,1.4803985588471311,6.950726327056383,0.8420301892449168
https://comptox.epa.gov/dashboard/chemical/details/DTXSID8022111,"N-(3,4-Dichlorophenyl)propanamide",709-98-8,C9H9Cl2NO,217.006119,120,743,16,Active,0.999997634241569,-73.67958522651047,3.3603013881176054,8.408618579017947,0.9247246530169078
https://comptox.epa.gov/dashboard/chemical/details/DTXSID1040742,Triamcinolone,124-94-7,C21H27FO6,394.179167,68,650,10,Active,0.9999878859787097,-89.64339722954702,4.088362213494659,8.569857563915754,0.9329736037528974
https://comptox.epa.gov/dashboard/chemical/details/DTXSID2031089,D and C Red No. 27,13473-26-2,C20H4Br4Cl4O5,779.554636,225,455,49,Active,0.9999951950730952,-45.78288425377031,2.0880178551089035,19.712291283589405,1.2947371079924936
https://comptox.epa.gov/dashboard/chemical/details/DTXSID2032342,Chinomethionate,2439-01-2,C10H6N2OS2,233.992155,90,314,29,Active,0.934302458452884,-28.681082358263378,1.3080567780735903,6.25,0.7958800173440752
https://comptox.epa.gov/dashboard/chemical/details/DTXSID2032500,Triflumizole,68694-11-1,C15H15ClF3N3O,345.085574,391,805,49,Active,0.9999999980733302,-62.782014734565756,2.86329640174839,0.6883869353437645,-0.16216738059019534
https://comptox.epa.gov/dashboard/chemical/details/DTXSID9020299,Chlorobenzilate,510-15-6,C16H14Cl2O3,324.032000,222,627,35,Active,0.9999999212509824,-71.95595533762739,3.2816918806073643,6.914872038435574,0.8397841477836491
https://comptox.epa.gov/dashboard/chemical/details/DTXSID9020407,Diazinon,333-41-5,C12H21N2O3PS,304.101051,90,742,12,Active,0.9848117253150598,-32.50294017342436,1.4823600682182356,4.971530920161818,0.6964901448296732
https://comptox.epa.gov/dashboard/chemical/details/DTXSID9023380,Norethindrone,68-22-4,C20H26O2,298.193280,156,677,23,Active,0.9999999945482226,-92.45528036420882,4.216603635749963,0.0008000070044562543,-3.096906210528828
https://comptox.epa.gov/dashboard/chemical/details/DTXSID9032329,Bensulide,741-58-2,C14H24NO4PS3,397.060509,314,811,39,Active,0.9999999996917116,-43.80538033720272,1.9978299267238349,1.8090755294581342,0.25745669916613323
https://comptox.epa.gov/dashboard/chemical/details/DTXSID2040363,Diniconazole,83657-24-3,C15H17Cl2N3O,325.074868,306,736,42,Active,0.9997923760499171,-27.687166497895156,1.2627273040408602,0.9158645349829224,-0.03816875783878284
https://comptox.epa.gov/dashboard/chemical/details/DTXSID2040733,Triphenyltin chloride,639-58-7,C18H15ClSn,385.988430,245,386,63,Active,0.9999999654649022,-81.1762254420577,3.702200306862573,0.7463470966382748,-0.12705915228988424
https://comptox.epa.gov/dashboard/chemical/details/DTXSID3023897,Triadimefon,43121-43-3,C14H16ClN3O2,293.093104,134,754,18,Active,0.99999999956464,-100.81620446732683,4.597919909223561,8.366923385922695,0.9225657922648629
https://comptox.epa.gov/dashboard/chemical/details/DTXSID3040722,4-Cyclohexylcyclohexanol,2433-14-9,C12H22O,182.167065,38,627,6,Active,0.9999996725165392,-73.80308876907141,3.3659340083913096,8.73824835854252,0.9414243840691009
https://comptox.epa.gov/dashboard/chemical/details/DTXSID4034653,Hexaconazole,79983-71-4,C14H17Cl2N3O,313.074868,275,725,38,Active,0.9995636484421413,-57.4855134870435,2.6217391177395237,18.038831520491623,1.2562084023501554
https://comptox.epa.gov/dashboard/chemical/details/DTXSID4041234,"1,3,6-Hexanetricarbonitrile",1772-25-4,C9H11N3,161.095297,3,335,1,Active,0.9875807234200142,-30.88566860539222,1.4086012396592202,13.163242829907693,1.1193628930502977
https://comptox.epa.gov/dashboard/chemical/details/DTXSID5023902,Benz(a)anthracene,56-55-3,C18H12,228.093900,160,663,24,Active,0.9992427290050494,-44.76924579632347,2.0417888935161272,15.493145085508317,1.1901395878453802
https://comptox.epa.gov/dashboard/chemical/details/DTXSID5032498,Triclosan,3380-34-5,C12H7Cl3O2,287.951163,374,882,42,Active,0.9999984102906718,-75.05097151771665,3.422846138387555,9.191651304509321,0.9633935405496928
https://comptox.epa.gov/dashboard/chemical/details/DTXSID5040704,"1,4-Naphthoquinone",130-15-4,C10H6O2,158.036779,194,326,60,Active,0.9999998206531722,-95.94664252040238,4.37583402587514,33.88205695688963,1.5299697681849251
https://comptox.epa.gov/dashboard/chemical/details/DTXSID0020573,17beta-Estradiol,50-28-2,C18H24O2,272.177630,195,671,29,Active,0.9999998469026864,-92.39011257353027,4.213631531376621,0.0032840309281335247,-2.4835927614629267
https://comptox.epa.gov/dashboard/chemical/details/DTXSID0025527,Medroxyprogesterone acetate,71-58-9,C24H34O4,386.245710,75,465,16,Active,0.9999999999999948,-104.80749817179436,4.7799506540258765,0.016425766115800728,-1.784474365323407
https://comptox.epa.gov/dashboard/chemical/details/DTXSID1026906,"N,N-Dimethyldodecan-1-amine",112-18-5,C14H31N,213.245650,31,483,6,Active,0.9666833527726544,-32.62661744813204,1.4880006118858087,25,1.3979400086720377
https://comptox.epa.gov/dashboard/chemical/details/DTXSID2022880,Danazol,17230-88-5,C22H27NO2,337.204179,198,478,41,Active,1,-98.39892441449908,4.487675131215997,0.0038488780056121167,-2.4146658541247192
https://comptox.epa.gov/dashboard/chemical/details/DTXSID2024163,Linuron,330-55-2,C9H10Cl2N2O2,248.011933,128,799,16,Active,0.9999998108875021,-97.62022862654766,4.452161188932932,5.356547210512536,0.728884936967072
https://comptox.epa.gov/dashboard/chemical/details/DTXSID2026602,"2,4-Di-tert-butylphenol",96-76-4,C14H22O,206.167065,276,614,45,Active,0.9913522193308884,-41.67918118955467,1.900860461908152,6.43210632329733,0.8083532147266639
https://comptox.epa.gov/dashboard/chemical/details/DTXSID3022536,4-Cumylphenol,599-64-4,C15H16O,212.120115,297,724,41,Active,0.9999948769509442,-73.36832324600196,3.3461056775696227,8.986566434801155,0.9535937892576192
https://comptox.epa.gov/dashboard/chemical/details/DTXSID3025209,C.I. Disperse Blue 27,15791-78-3,C22H16N2O7,420.095751,161,456,35,Active,0.9960871784486073,-34.46117279025829,1.5716690913401057,13.75110008325636,1.1383374429646116
https://comptox.epa.gov/dashboard/chemical/details/DTXSID3025881,"1,2-Phenylenediamine",95-54-5,C6H8N2,108.068748,169,640,26,Active,0.9999330771497775,-56.49726180014566,2.576667969400628,7.027736493265327,0.8468154691484914
https://comptox.epa.gov/dashboard/chemical/details/DTXSID6032562,Octylbicycloheptenedicarboximide,113-48-4,C17H25NO2,275.188529,183,782,23,Active,0.9998333126799792,-42.93017717036087,1.957914576937563,15.433577888069404,1.1884666180216765
https://comptox.epa.gov/dashboard/chemical/details/DTXSID6034186,Spironolactone,52-01-7,C24H32O4S,416.202131,219,692,32,Active,0.9999999999980907,-196.23720331433378,8.949780928736956,0.0647778690119238,-1.1885733430128589
https://comptox.epa.gov/dashboard/chemical/details/DTXSID7032004,Flutamide,13311-84-7,C11H11F3N2O3,276.072177,208,723,29,Active,0.9999999067132861,-84.91150704975493,3.872555119973532,0.42486083238568584,-0.3717533043607669
https://comptox.epa.gov/dashboard/chemical/details/DTXSID7037717,Bisphenol AF,1478-61-1,C15H10F6O2,336.058499,417,807,52,Active,0.9999999793342358,-93.3413167528956,4.257013055776877,3.1920244076946678,0.5040662035078219
https://comptox.epa.gov/dashboard/chemical/details/DTXSID7040788,2-tert-Butyl-4-methoxyphenol,121-00-6,C11H16O2,180.115030,71,633,11,Active,0.9961040424575041,-37.28219605301331,1.7003273669887171,9.901974854246204,0.9957218191196843
https://comptox.epa.gov/dashboard/chemical/details/DTXSID8034376,Denatonium benzoate,3734-33-6,C28H34N2O3,446.256943,21,479,4,Active,0.9999999999119658,-84.05449863084067,3.8334695772027256,7.1964675348009335,0.8571193705140183
https://comptox.epa.gov/dashboard/chemical/details/DTXSID8037706,Potassium perfluorooctanesulfonate,2795-39-3,C8F17KO3S,537.893375,198,779,25,Active,0.9999741254932605,-76.6249013802478,3.4946282838163576,12.531875381251762,1.0980160675451451
https://comptox.epa.gov/dashboard/chemical/details/DTXSID9032113,Tebuconazole,107534-96-3,C16H22ClN3O,307.145140,180,746,24,Active,0.9999999979520607,-97.79388139117412,4.46008096242556,2.6811155710530667,0.42831553490373897
https://comptox.epa.gov/dashboard/chemical/details/DTXSID9032589,Bromadiolone,28772-56-7,C30H23BrO4,526.077972,210,489,43,Active,0.9998824748214582,-40.98438871267753,1.8691730939984874,17.32610353487851,1.238700905266269
https://comptox.epa.gov/dashboard/chemical/details/DTXSID9033923,Procymidone,32809-16-8,C13H11Cl2NO2,283.016684,63,696,9,Active,0.9999999983423037,-72.40015366391114,3.301950412842882,0.35538359655254836,-0.44930262180679925
https://comptox.epa.gov/dashboard/chemical/details/DTXSID9036438,Bumetrizole,3896-11-5,C17H18ClN3O,315.113840,8,441,2,Active,0.9999993875063823,-80.00823711532847,3.6489319180198896,2.31915135736738,0.36532909340917186
https://comptox.epa.gov/dashboard/chemical/details/DTXSID3044338,"2-(1-Chlorocyclopropyl)-1-(2-chlorophenyl)-3-(1H-1,2,4-triazol-1-yl)-2-propanol",120983-64-4,C14H15Cl2N3O,311.059217,47,328,14,Active,0.9945522392883087,-38.96631410364168,1.7771348599446388,33.140931301422135,1.5203647084703327
https://comptox.epa.gov/dashboard/chemical/details/DTXSID4022361,Vinclozolin,50471-44-8,C12H9Cl2NO3,284.995949,112,836,13,Active,0.9999999859208231,-59.439513140621955,2.710855088304712,0.3463393862202225,-0.4604981170400465
https://comptox.epa.gov/dashboard/chemical/details/DTXSID4022367,Estrone,53-16-7,C18H22O2,270.161980,121,686,18,Active,0.9999999999999503,-92.87580843305628,4.235782639664633,0.08886645991459195,-1.0512621200475567
https://comptox.epa.gov/dashboard/chemical/details/DTXSID4022442,Bisphenol B,77-40-7,C16H18O2,242.130680,234,687,34,Active,0.9999999775124457,-97.49780623083223,4.446577876472708,2.091448972106006,0.3204472729792214
https://comptox.epa.gov/dashboard/chemical/details/DTXSID4024270,Prochloraz,67747-09-5,C15H16Cl3N3O2,375.030810,325,853,38,Active,0.9999976707772225,-65.69026888388453,2.9959330123496994,5.677353117911237,0.7541459071531893
https://comptox.epa.gov/dashboard/chemical/details/DTXSID5022271,4-(Diethylamino)salicylaldehyde,17754-90-4,C11H15NO2,193.110279,30,325,9,Active,0.9999999996330374,-93.37017889935558,4.258329370336947,3.82071668273262,0.5821448346819338
https://comptox.epa.gov/dashboard/chemical/details/DTXSID5023322,Mifepristone,84371-65-3,C29H35NO2,429.266779,363,736,49,Active,1,-100.91244528775277,4.602309159807379,0.030051279618869907,-1.5221370304971111
https://comptox.epa.gov/dashboard/chemical/details/DTXSID5024211,Napropamide,15299-99-7,C17H21NO2,271.157229,161,768,21,Active,0.9999933150372927,-75.95184855317316,3.463932395095724,3.738427403117773,0.5726889514581619
https://comptox.epa.gov/dashboard/chemical/details/DTXSID6022474,Corticosterone,50-22-6,C21H30O4,346.214409,91,663,14,Active,0.9999999999993148,-102.74216435611808,4.685757071551064,0.053097693123983956,-1.2749243468147138
https://comptox.epa.gov/dashboard/chemical/details/DTXSID6025355,Glutaraldehyde,111-30-8,C5H8O2,100.052429,83,597,14,Active,0.9999999998234861,-81.59051958501098,3.7210950004113363,3.8418037142524772,0.5845351720835401
https://comptox.epa.gov/dashboard/chemical/details/DTXSID7021100,Parathion,56-38-2,C10H14NO5PS,291.033031,126,752,17,Active,0.9999999999437735,-79.52013296697412,3.6266709750162236,2.1105723005039785,0.32440023408914326
https://comptox.epa.gov/dashboard/chemical/details/DTXSID7024160,Lactofen,77501-63-4,C19H15ClF3NO7,461.048914,141,742,19,Active,0.9992576817203164,-43.129104060216896,1.9669870262742704,8.529873331288286,0.9309425819376301
https://comptox.epa.gov/dashboard/chemical/details/DTXSID8022325,"2,2-Bis(4-hydroxyphenyl)-1,1,1-trichloroethane",2971-36-0,C14H11Cl3O2,315.982463,394,861,46,Active,0.9999999954996007,-77.39691122666466,3.529837300677402,1.4872002846207908,0.17236945987924496
https://comptox.epa.gov/dashboard/chemical/details/DTXSID8022406,"2,4-Dihydroxybenzophenone",131-56-6,C13H10O3,214.062994,95,584,16,Active,0.9999936021637386,-53.343231754850976,2.4328222690375516,20.133598180885336,1.3039213968687136
https://comptox.epa.gov/dashboard/chemical/details/DTXSID8024151,Imazalil,35554-44-0,C14H14Cl2N2O,296.048318,352,830,42,Active,0.9999999930110158,-96.68845730431623,4.4096659379366505,6.043894195847969,0.781316852992999
https://comptox.epa.gov/dashboard/chemical/details/DTXSID8024523,"4-Androstene-3,17-dione",63-05-8,C19H26O2,286.193280,144,699,21,Active,0.9999999861971091,-84.69710035790774,3.862776684033361,0.3612222357154049,-0.44222552372045687
https://comptox.epa.gov/dashboard/chemical/details/DTXSID8047268,CI-959,104795-68-8,C14H14N5NaO3S,355.071505,241,639,38,Active,0.99511567019052,-24.35736723636015,1.1108653052756565,32.313223122338734,1.509380279417591
https://comptox.epa.gov/dashboard/chemical/details/DTXSID9022360,"4-(1,1,3,3-Tetramethylbutyl)phenol",140-66-9,C14H22O,206.167065,315,709,44,Active,0.9998590020462857,-51.94466077865719,2.3690377081142358,8.791128216894295,0.9440446142011146
https://comptox.epa.gov/dashboard/chemical/details/DTXSID9022364,5alpha-Dihydrotestosterone,521-18-6,C19H30O2,290.224580,145,709,20,Active,0.999999997415371,-94.55477483014363,4.312355181399103,0.0007741756714851006,-3.111160480531642
https://comptox.epa.gov/dashboard/chemical/details/DTXSID9022366,Estriol,50-27-1,C18H24O3,288.172545,73,562,13,Active,0.9999999530960192,-84.60053514308535,3.858372638809518,12.56982289181695,1.0993291585412899
https://comptox.epa.gov/dashboard/chemical/details/DTXSID9025035,7-Diethylamino-4-methylcoumarin,91-44-1,C14H17NO2,231.125929,112,455,25,Active,0.9999999994076515,-66.60378108898558,3.0375955206473026,1.0109417048190705,0.004726113053576869
https://comptox.epa.gov/dashboard/chemical/details/DTXSID9026261,"Tris(1,3-dichloro-2-propyl) phosphate",13674-87-8,C9H15Cl6O4P,427.883912,237,790,30,Active,0.9999987106944901,-82.69063084322357,3.771267722973372,4.960648514055487,0.6955384562613458