DTXSID,BLA_PRIMARY,BLA_VIABILITY,MDAKB2_PRIMARY,MDAKB2_VIABILITY,INTERPRETATION,RESULT
DTXSID0020814,Active,Inactive,Active,Inactive,Both primary assays active - no viability interference detected,Active in both androgen assays; no viability activity detected
DTXSID0022353,Active,Inactive,Active,Inactive,Both primary assays active - no viability interference detected,Active in both androgen assays; no viability activity detected
DTXSID0023371,Active,Inactive,Active,Inactive,Both primary assays active - no viability interference detected,Active in both androgen assays; no viability activity detected
DTXSID0023373,Active,Inactive,Active,Inactive,Both primary assays active - no viability interference detected,Active in both androgen assays; no viability activity detected
DTXSID0026676,Active,Inactive,Active,Inactive,Both primary assays active - no viability interference detected,Active in both androgen assays; no viability activity detected
DTXSID0032572,Active,Inactive,Active,Inactive,Both primary assays active - no viability interference detected,Active in both androgen assays; no viability activity detected
DTXSID0032651,Active,Inactive,Active,Inactive,Both primary assays active - no viability interference detected,Active in both androgen assays; no viability activity detected
DTXSID0040678,Active,Inactive,Active,Inactive,Both primary assays active - no viability interference detected,Active in both androgen assays; no viability activity detected
DTXSID0041987,Active,Inactive,Active,Inactive,Both primary assays active - no viability interference detected,Active in both androgen assays; no viability activity detected
DTXSID0042086,Active,Inactive,Active,Inactive,Both primary assays active - no viability interference detected,Active in both androgen assays; no viability activity detected
DTXSID0044995,Active,Inactive,Active,Inactive,Both primary assays active - no viability interference detected,Active in both androgen assays; no viability activity detected
DTXSID0045125,Active,Inactive,Active,Inactive,Both primary assays active - no viability interference detected,Active in both androgen assays; no viability activity detected
DTXSID0046305,Active,Inactive,Active,Inactive,Both primary assays active - no viability interference detected,Active in both androgen assays; no viability activity detected
DTXSID0047290,Active,Inactive,Active,Inactive,Both primary assays active - no viability interference detected,Active in both androgen assays; no viability activity detected
DTXSID0047874,Active,Inactive,Active,Inactive,Both primary assays active - no viability interference detected,Active in both androgen assays; no viability activity detected
DTXSID0047957,Active,Inactive,Active,Inactive,Both primary assays active - no viability interference detected,Active in both androgen assays; no viability activity detected
DTXSID0048842,Active,Inactive,Active,Inactive,Both primary assays active - no viability interference detected,Active in both androgen assays; no viability activity detected
DTXSID0049315,Active,Inactive,Active,Inactive,Both primary assays active - no viability interference detected,Active in both androgen assays; no viability activity detected
DTXSID1020275,Active,Inactive,Active,Inactive,Both primary assays active - no viability interference detected,Active in both androgen assays; no viability activity detected
DTXSID1020485,Active,Inactive,Active,Inactive,Both primary assays active - no viability interference detected,Active in both androgen assays; no viability activity detected
DTXSID1022265,Active,Inactive,Active,Inactive,Both primary assays active - no viability interference detected,Active in both androgen assays; no viability activity detected
DTXSID1022974,Active,Inactive,Active,Inactive,Both primary assays active - no viability interference detected,Active in both androgen assays; no viability activity detected
DTXSID1024885,Active,Inactive,Active,Inactive,Both primary assays active - no viability interference detected,Active in both androgen assays; no viability activity detected
DTXSID1025431,Active,Inactive,Active,Inactive,Both primary assays active - no viability interference detected,Active in both androgen assays; no viability activity detected
DTXSID1029120,Active,Inactive,Active,Inactive,Both primary assays active - no viability interference detected,Active in both androgen assays; no viability activity detected
DTXSID1032278,Active,Inactive,Active,Inactive,Both primary assays active - no viability interference detected,Active in both androgen assays; no viability activity detected
DTXSID1032359,Active,Inactive,Active,Inactive,Both primary assays active - no viability interference detected,Active in both androgen assays; no viability activity detected
DTXSID1032648,Active,Inactive,Active,Inactive,Both primary assays active - no viability interference detected,Active in both androgen assays; no viability activity detected
DTXSID1032690,Active,Inactive,Active,Inactive,Both primary assays active - no viability interference detected,Active in both androgen assays; no viability activity detected
DTXSID1033539,Active,Inactive,Active,Inactive,Both primary assays active - no viability interference detected,Active in both androgen assays; no viability activity detected
DTXSID1037515,Active,Inactive,Active,Inactive,Both primary assays active - no viability interference detected,Active in both androgen assays; no viability activity detected
DTXSID1040372,Active,Inactive,Active,Inactive,Both primary assays active - no viability interference detected,Active in both androgen assays; no viability activity detected
DTXSID1041683,Active,Inactive,Active,Inactive,Both primary assays active - no viability interference detected,Active in both androgen assays; no viability activity detected
DTXSID1044982,Active,Inactive,Active,Inactive,Both primary assays active - no viability interference detected,Active in both androgen assays; no viability activity detected
DTXSID1045116,Active,Inactive,Active,Inactive,Both primary assays active - no viability interference detected,Active in both androgen assays; no viability activity detected
DTXSID1046978,Active,Inactive,Active,Inactive,Both primary assays active - no viability interference detected,Active in both androgen assays; no viability activity detected
DTXSID1048623,Active,Inactive,Active,Inactive,Both primary assays active - no viability interference detected,Active in both androgen assays; no viability activity detected
DTXSID1049273,Active,Inactive,Active,Inactive,Both primary assays active - no viability interference detected,Active in both androgen assays; no viability activity detected
DTXSID2020426,Active,Inactive,Active,Inactive,Both primary assays active - no viability interference detected,Active in both androgen assays; no viability activity detected
DTXSID2020717,Active,Inactive,Active,Inactive,Both primary assays active - no viability interference detected,Active in both androgen assays; no viability activity detected
DTXSID2022048,Active,Inactive,Active,Inactive,Both primary assays active - no viability interference detected,Active in both androgen assays; no viability activity detected
DTXSID2022127,Active,Inactive,Active,Inactive,Both primary assays active - no viability interference detected,Active in both androgen assays; no viability activity detected
DTXSID2022381,Active,Inactive,Active,Inactive,Both primary assays active - no viability interference detected,Active in both androgen assays; no viability activity detected
DTXSID2022678,Active,Inactive,Active,Inactive,Both primary assays active - no viability interference detected,Active in both androgen assays; no viability activity detected
DTXSID2022880,Active,Inactive,Active,Inactive,Both primary assays active - no viability interference detected,Active in both androgen assays; no viability activity detected
DTXSID2024086,Active,Inactive,Active,Inactive,Both primary assays active - no viability interference detected,Active in both androgen assays; no viability activity detected
DTXSID2024163,Active,Inactive,Active,Inactive,Both primary assays active - no viability interference detected,Active in both androgen assays; no viability activity detected
DTXSID2029662,Active,Inactive,Active,Inactive,Both primary assays active - no viability interference detected,Active in both androgen assays; no viability activity detected
DTXSID2032390,Active,Inactive,Active,Inactive,Both primary assays active - no viability interference detected,Active in both androgen assays; no viability activity detected
DTXSID2034881,Active,Inactive,Active,Inactive,Both primary assays active - no viability interference detected,Active in both androgen assays; no viability activity detected
DTXSID2037712,Active,Inactive,Active,Inactive,Both primary assays active - no viability interference detected,Active in both androgen assays; no viability activity detected
DTXSID2039336,Active,Inactive,Active,Inactive,Both primary assays active - no viability interference detected,Active in both androgen assays; no viability activity detected
DTXSID2041913,Active,Inactive,Active,Inactive,Both primary assays active - no viability interference detected,Active in both androgen assays; no viability activity detected
DTXSID2047303,Active,Inactive,Active,Inactive,Both primary assays active - no viability interference detected,Active in both androgen assays; no viability activity detected
DTXSID2047569,Active,Inactive,Active,Inactive,Both primary assays active - no viability interference detected,Active in both androgen assays; no viability activity detected
DTXSID2049050,Active,Inactive,Active,Inactive,Both primary assays active - no viability interference detected,Active in both androgen assays; no viability activity detected
DTXSID2049551,Active,Inactive,Active,Inactive,Both primary assays active - no viability interference detected,Active in both androgen assays; no viability activity detected
DTXSID2049555,Active,Inactive,Active,Inactive,Both primary assays active - no viability interference detected,Active in both androgen assays; no viability activity detected
DTXSID3020960,Active,Inactive,Active,Inactive,Both primary assays active - no viability interference detected,Active in both androgen assays; no viability activity detected
DTXSID3021770,Active,Inactive,Active,Inactive,Both primary assays active - no viability interference detected,Active in both androgen assays; no viability activity detected
DTXSID3021778,Active,Inactive,Active,Inactive,Both primary assays active - no viability interference detected,Active in both androgen assays; no viability activity detected
DTXSID3022370,Active,Inactive,Active,Inactive,Both primary assays active - no viability interference detected,Active in both androgen assays; no viability activity detected
DTXSID3023051,Active,Inactive,Active,Inactive,Both primary assays active - no viability interference detected,Active in both androgen assays; no viability activity detected
DTXSID3024108,Active,Inactive,Active,Inactive,Both primary assays active - no viability interference detected,Active in both androgen assays; no viability activity detected
DTXSID3024491,Active,Inactive,Active,Inactive,Both primary assays active - no viability interference detected,Active in both androgen assays; no viability activity detected
DTXSID3025091,Active,Inactive,Active,Inactive,Both primary assays active - no viability interference detected,Active in both androgen assays; no viability activity detected
DTXSID3025257,Active,Inactive,Active,Inactive,Both primary assays active - no viability interference detected,Active in both androgen assays; no viability activity detected
DTXSID3029572,Active,Inactive,Active,Inactive,Both primary assays active - no viability interference detected,Active in both androgen assays; no viability activity detected
DTXSID3032549,Active,Inactive,Active,Inactive,Both primary assays active - no viability interference detected,Active in both androgen assays; no viability activity detected
DTXSID3034165,Active,Inactive,Active,Inactive,Both primary assays active - no viability interference detected,Active in both androgen assays; no viability activity detected
DTXSID3034402,Active,Inactive,Active,Inactive,Both primary assays active - no viability interference detected,Active in both androgen assays; no viability activity detected
DTXSID3041619,Active,Inactive,Active,Inactive,Both primary assays active - no viability interference detected,Active in both androgen assays; no viability activity detected
DTXSID3041827,Active,Inactive,Active,Inactive,Both primary assays active - no viability interference detected,Active in both androgen assays; no viability activity detected
DTXSID3042180,Active,Inactive,Active,Inactive,Both primary assays active - no viability interference detected,Active in both androgen assays; no viability activity detected
DTXSID3042261,Active,Inactive,Active,Inactive,Both primary assays active - no viability interference detected,Active in both androgen assays; no viability activity detected
DTXSID3044835,Active,Inactive,Active,Inactive,Both primary assays active - no viability interference detected,Active in both androgen assays; no viability activity detected
DTXSID3046453,Active,Inactive,Active,Inactive,Both primary assays active - no viability interference detected,Active in both androgen assays; no viability activity detected
DTXSID3046665,Active,Inactive,Active,Inactive,Both primary assays active - no viability interference detected,Active in both androgen assays; no viability activity detected
DTXSID3047263,Active,Inactive,Active,Inactive,Both primary assays active - no viability interference detected,Active in both androgen assays; no viability activity detected
DTXSID3047843,Active,Inactive,Active,Inactive,Both primary assays active - no viability interference detected,Active in both androgen assays; no viability activity detected
DTXSID3047891,Active,Inactive,Active,Inactive,Both primary assays active - no viability interference detected,Active in both androgen assays; no viability activity detected
DTXSID3047974,Active,Inactive,Active,Inactive,Both primary assays active - no viability interference detected,Active in both androgen assays; no viability activity detected
DTXSID3048607,Active,Inactive,Active,Inactive,Both primary assays active - no viability interference detected,Active in both androgen assays; no viability activity detected
DTXSID4020589,Active,Inactive,Active,Inactive,Both primary assays active - no viability interference detected,Active in both androgen assays; no viability activity detected
DTXSID4020614,Active,Inactive,Active,Inactive,Both primary assays active - no viability interference detected,Active in both androgen assays; no viability activity detected
DTXSID4020749,Active,Inactive,Active,Inactive,Both primary assays active - no viability interference detected,Active in both androgen assays; no viability activity detected
DTXSID4021181,Active,Inactive,Active,Inactive,Both primary assays active - no viability interference detected,Active in both androgen assays; no viability activity detected
DTXSID4021391,Active,Inactive,Active,Inactive,Both primary assays active - no viability interference detected,Active in both androgen assays; no viability activity detected
DTXSID4021478,Active,Inactive,Active,Inactive,Both primary assays active - no viability interference detected,Active in both androgen assays; no viability activity detected
DTXSID4022315,Active,Inactive,Active,Inactive,Both primary assays active - no viability interference detected,Active in both androgen assays; no viability activity detected
DTXSID4022367,Active,Inactive,Active,Inactive,Both primary assays active - no viability interference detected,Active in both androgen assays; no viability activity detected
DTXSID4022446,Active,Inactive,Active,Inactive,Both primary assays active - no viability interference detected,Active in both androgen assays; no viability activity detected
DTXSID4022448,Active,Inactive,Active,Inactive,Both primary assays active - no viability interference detected,Active in both androgen assays; no viability activity detected
DTXSID4024646,Active,Inactive,Active,Inactive,Both primary assays active - no viability interference detected,Active in both androgen assays; no viability activity detected
DTXSID4028880,Active,Inactive,Active,Inactive,Both primary assays active - no viability interference detected,Active in both androgen assays; no viability activity detected
DTXSID4034609,Active,Inactive,Active,Inactive,Both primary assays active - no viability interference detected,Active in both androgen assays; no viability activity detected
DTXSID4034948,Active,Inactive,Active,Inactive,Both primary assays active - no viability interference detected,Active in both androgen assays; no viability activity detected
DTXSID4040979,Active,Inactive,Active,Inactive,Both primary assays active - no viability interference detected,Active in both androgen assays; no viability activity detected
DTXSID4041600,Active,Inactive,Active,Inactive,Both primary assays active - no viability interference detected,Active in both androgen assays; no viability activity detected
DTXSID4045181,Active,Inactive,Active,Inactive,Both primary assays active - no viability interference detected,Active in both androgen assays; no viability activity detected
DTXSID4047254,Active,Inactive,Active,Inactive,Both primary assays active - no viability interference detected,Active in both androgen assays; no viability activity detected
DTXSID4047961,Active,Inactive,Active,Inactive,Both primary assays active - no viability interference detected,Active in both androgen assays; no viability activity detected
DTXSID5020366,Active,Inactive,Active,Inactive,Both primary assays active - no viability interference detected,Active in both androgen assays; no viability activity detected
DTXSID5020447,Active,Inactive,Active,Inactive,Both primary assays active - no viability interference detected,Active in both androgen assays; no viability activity detected
DTXSID5020576,Active,Inactive,Active,Inactive,Both primary assays active - no viability interference detected,Active in both androgen assays; no viability activity detected
DTXSID5020861,Active,Inactive,Active,Inactive,Both primary assays active - no viability interference detected,Active in both androgen assays; no viability activity detected
DTXSID5020865,Active,Inactive,Active,Inactive,Both primary assays active - no viability interference detected,Active in both androgen assays; no viability activity detected
DTXSID5020867,Active,Inactive,Active,Inactive,Both primary assays active - no viability interference detected,Active in both androgen assays; no viability activity detected
DTXSID5022437,Active,Inactive,Active,Inactive,Both primary assays active - no viability interference detected,Active in both androgen assays; no viability activity detected
DTXSID5022485,Active,Inactive,Active,Inactive,Both primary assays active - no viability interference detected,Active in both androgen assays; no viability activity detected
DTXSID5022855,Active,Inactive,Active,Inactive,Both primary assays active - no viability interference detected,Active in both androgen assays; no viability activity detected
DTXSID5023035,Active,Inactive,Active,Inactive,Both primary assays active - no viability interference detected,Active in both androgen assays; no viability activity detected
DTXSID5023322,Active,Inactive,Active,Inactive,Both primary assays active - no viability interference detected,Active in both androgen assays; no viability activity detected
DTXSID5023740,Active,Inactive,Active,Inactive,Both primary assays active - no viability interference detected,Active in both androgen assays; no viability activity detected
DTXSID5024211,Active,Inactive,Active,Inactive,Both primary assays active - no viability interference detected,Active in both androgen assays; no viability activity detected
DTXSID5026120,Active,Inactive,Active,Inactive,Both primary assays active - no viability interference detected,Active in both androgen assays; no viability activity detected
DTXSID5032654,Active,Inactive,Active,Inactive,Both primary assays active - no viability interference detected,Active in both androgen assays; no viability activity detected
DTXSID5036684,Active,Inactive,Active,Inactive,Both primary assays active - no viability interference detected,Active in both androgen assays; no viability activity detected
DTXSID5037498,Active,Inactive,Active,Inactive,Both primary assays active - no viability interference detected,Active in both androgen assays; no viability activity detected
DTXSID5037571,Active,Inactive,Active,Inactive,Both primary assays active - no viability interference detected,Active in both androgen assays; no viability activity detected
DTXSID5037739,Active,Inactive,Active,Inactive,Both primary assays active - no viability interference detected,Active in both androgen assays; no viability activity detected
DTXSID5041306,Active,Inactive,Active,Inactive,Both primary assays active - no viability interference detected,Active in both androgen assays; no viability activity detected
DTXSID5042083,Active,Inactive,Active,Inactive,Both primary assays active - no viability interference detected,Active in both androgen assays; no viability activity detected
DTXSID5044520,Active,Inactive,Active,Inactive,Both primary assays active - no viability interference detected,Active in both androgen assays; no viability activity detected
DTXSID5044528,Active,Inactive,Active,Inactive,Both primary assays active - no viability interference detected,Active in both androgen assays; no viability activity detected
DTXSID5044607,Active,Inactive,Active,Inactive,Both primary assays active - no viability interference detected,Active in both androgen assays; no viability activity detected
DTXSID5044869,Active,Inactive,Active,Inactive,Both primary assays active - no viability interference detected,Active in both androgen assays; no viability activity detected
DTXSID5045205,Active,Inactive,Active,Inactive,Both primary assays active - no viability interference detected,Active in both androgen assays; no viability activity detected
DTXSID5048506,Active,Inactive,Active,Inactive,Both primary assays active - no viability interference detected,Active in both androgen assays; no viability activity detected
DTXSID5048843,Active,Inactive,Active,Inactive,Both primary assays active - no viability interference detected,Active in both androgen assays; no viability activity detected
DTXSID5048928,Active,Inactive,Active,Inactive,Both primary assays active - no viability interference detected,Active in both androgen assays; no viability activity detected
DTXSID6020197,Active,Inactive,Active,Inactive,Both primary assays active - no viability interference detected,Active in both androgen assays; no viability activity detected
DTXSID6020511,Active,Inactive,Active,Inactive,Both primary assays active - no viability interference detected,Active in both androgen assays; no viability activity detected
DTXSID6020983,Active,Inactive,Active,Inactive,Both primary assays active - no viability interference detected,Active in both androgen assays; no viability activity detected
DTXSID6021240,Active,Inactive,Active,Inactive,Both primary assays active - no viability interference detected,Active in both androgen assays; no viability activity detected
DTXSID6022345,Active,Inactive,Active,Inactive,Both primary assays active - no viability interference detected,Active in both androgen assays; no viability activity detected
DTXSID6022391,Active,Inactive,Active,Inactive,Both primary assays active - no viability interference detected,Active in both androgen assays; no viability activity detected
DTXSID6023024,Active,Inactive,Active,Inactive,Both primary assays active - no viability interference detected,Active in both androgen assays; no viability activity detected
DTXSID6024046,Active,Inactive,Active,Inactive,Both primary assays active - no viability interference detected,Active in both androgen assays; no viability activity detected
DTXSID6024701,Active,Inactive,Active,Inactive,Both primary assays active - no viability interference detected,Active in both androgen assays; no viability activity detected
DTXSID6024832,Active,Inactive,Active,Inactive,Both primary assays active - no viability interference detected,Active in both androgen assays; no viability activity detected
DTXSID6026294,Active,Inactive,Active,Inactive,Both primary assays active - no viability interference detected,Active in both androgen assays; no viability activity detected
DTXSID6032192,Active,Inactive,Active,Inactive,Both primary assays active - no viability interference detected,Active in both androgen assays; no viability activity detected
DTXSID6032431,Active,Inactive,Active,Inactive,Both primary assays active - no viability interference detected,Active in both androgen assays; no viability activity detected
DTXSID6032562,Active,Inactive,Active,Inactive,Both primary assays active - no viability interference detected,Active in both androgen assays; no viability activity detected
DTXSID6033538,Active,Inactive,Active,Inactive,Both primary assays active - no viability interference detected,Active in both androgen assays; no viability activity detected
DTXSID6034186,Active,Inactive,Active,Inactive,Both primary assays active - no viability interference detected,Active in both androgen assays; no viability activity detected
DTXSID6038875,Active,Inactive,Active,Inactive,Both primary assays active - no viability interference detected,Active in both androgen assays; no viability activity detected
DTXSID6040290,Active,Inactive,Active,Inactive,Both primary assays active - no viability interference detected,Active in both androgen assays; no viability activity detected
DTXSID6041688,Active,Inactive,Active,Inactive,Both primary assays active - no viability interference detected,Active in both androgen assays; no viability activity detected
DTXSID6041977,Active,Inactive,Active,Inactive,Both primary assays active - no viability interference detected,Active in both androgen assays; no viability activity detected
DTXSID6042498,Active,Inactive,Active,Inactive,Both primary assays active - no viability interference detected,Active in both androgen assays; no viability activity detected
DTXSID6045161,Active,Inactive,Active,Inactive,Both primary assays active - no viability interference detected,Active in both androgen assays; no viability activity detected
DTXSID6045583,Active,Inactive,Active,Inactive,Both primary assays active - no viability interference detected,Active in both androgen assays; no viability activity detected
DTXSID6045953,Active,Inactive,Active,Inactive,Both primary assays active - no viability interference detected,Active in both androgen assays; no viability activity detected
DTXSID6046553,Active,Inactive,Active,Inactive,Both primary assays active - no viability interference detected,Active in both androgen assays; no viability activity detected
DTXSID6048919,Active,Inactive,Active,Inactive,Both primary assays active - no viability interference detected,Active in both androgen assays; no viability activity detected
DTXSID6049222,Active,Inactive,Active,Inactive,Both primary assays active - no viability interference detected,Active in both androgen assays; no viability activity detected
DTXSID7020182,Active,Inactive,Active,Inactive,Both primary assays active - no viability interference detected,Active in both androgen assays; no viability activity detected
DTXSID7020211,Active,Inactive,Active,Inactive,Both primary assays active - no viability interference detected,Active in both androgen assays; no viability activity detected
DTXSID7020768,Active,Inactive,Active,Inactive,Both primary assays active - no viability interference detected,Active in both androgen assays; no viability activity detected
DTXSID7022382,Active,Inactive,Active,Inactive,Both primary assays active - no viability interference detected,Active in both androgen assays; no viability activity detected
DTXSID7024160,Active,Inactive,Active,Inactive,Both primary assays active - no viability interference detected,Active in both androgen assays; no viability activity detected
DTXSID7024241,Active,Inactive,Active,Inactive,Both primary assays active - no viability interference detected,Active in both androgen assays; no viability activity detected
DTXSID7025005,Active,Inactive,Active,Inactive,Both primary assays active - no viability interference detected,Active in both androgen assays; no viability activity detected
DTXSID7025895,Active,Inactive,Active,Inactive,Both primary assays active - no viability interference detected,Active in both androgen assays; no viability activity detected
DTXSID7025926,Active,Inactive,Active,Inactive,Both primary assays active - no viability interference detected,Active in both androgen assays; no viability activity detected
DTXSID7029871,Active,Inactive,Active,Inactive,Both primary assays active - no viability interference detected,Active in both androgen assays; no viability activity detected
DTXSID7031458,Active,Inactive,Active,Inactive,Both primary assays active - no viability interference detected,Active in both androgen assays; no viability activity detected
DTXSID7032004,Active,Inactive,Active,Inactive,Both primary assays active - no viability interference detected,Active in both androgen assays; no viability activity detected
DTXSID7034545,Active,Inactive,Active,Inactive,Both primary assays active - no viability interference detected,Active in both androgen assays; no viability activity detected
DTXSID7037553,Active,Inactive,Active,Inactive,Both primary assays active - no viability interference detected,Active in both androgen assays; no viability activity detected
DTXSID7040287,Active,Inactive,Active,Inactive,Both primary assays active - no viability interference detected,Active in both androgen assays; no viability activity detected
DTXSID7041097,Active,Inactive,Active,Inactive,Both primary assays active - no viability interference detected,Active in both androgen assays; no viability activity detected
DTXSID7042437,Active,Inactive,Active,Inactive,Both primary assays active - no viability interference detected,Active in both androgen assays; no viability activity detected
DTXSID7044895,Active,Inactive,Active,Inactive,Both primary assays active - no viability interference detected,Active in both androgen assays; no viability activity detected
DTXSID7047853,Active,Inactive,Active,Inactive,Both primary assays active - no viability interference detected,Active in both androgen assays; no viability activity detected
DTXSID7047934,Active,Inactive,Active,Inactive,Both primary assays active - no viability interference detected,Active in both androgen assays; no viability activity detected
DTXSID7049556,Active,Inactive,Active,Inactive,Both primary assays active - no viability interference detected,Active in both androgen assays; no viability activity detected
DTXSID8022111,Active,Inactive,Active,Inactive,Both primary assays active - no viability interference detected,Active in both androgen assays; no viability activity detected
DTXSID8022325,Active,Inactive,Active,Inactive,Both primary assays active - no viability interference detected,Active in both androgen assays; no viability activity detected
DTXSID8022406,Active,Inactive,Active,Inactive,Both primary assays active - no viability interference detected,Active in both androgen assays; no viability activity detected
DTXSID8023848,Active,Inactive,Active,Inactive,Both primary assays active - no viability interference detected,Active in both androgen assays; no viability activity detected
DTXSID8024498,Active,Inactive,Active,Inactive,Both primary assays active - no viability interference detected,Active in both androgen assays; no viability activity detected
DTXSID8025703,Active,Inactive,Active,Inactive,Both primary assays active - no viability interference detected,Active in both androgen assays; no viability activity detected
DTXSID8027585,Active,Inactive,Active,Inactive,Both primary assays active - no viability interference detected,Active in both androgen assays; no viability activity detected
DTXSID8034792,Active,Inactive,Active,Inactive,Both primary assays active - no viability interference detected,Active in both androgen assays; no viability activity detected
DTXSID8040723,Active,Inactive,Active,Inactive,Both primary assays active - no viability interference detected,Active in both androgen assays; no viability activity detected
DTXSID8044836,Active,Inactive,Active,Inactive,Both primary assays active - no viability interference detected,Active in both androgen assays; no viability activity detected
DTXSID8047349,Active,Inactive,Active,Inactive,Both primary assays active - no viability interference detected,Active in both androgen assays; no viability activity detected
DTXSID8048733,Active,Inactive,Active,Inactive,Both primary assays active - no viability interference detected,Active in both androgen assays; no viability activity detected
DTXSID8048818,Active,Inactive,Active,Inactive,Both primary assays active - no viability interference detected,Active in both androgen assays; no viability activity detected
DTXSID8049256,Active,Inactive,Active,Inactive,Both primary assays active - no viability interference detected,Active in both androgen assays; no viability activity detected
DTXSID9020160,Active,Inactive,Active,Inactive,Both primary assays active - no viability interference detected,Active in both androgen assays; no viability activity detected
DTXSID9020538,Active,Inactive,Active,Inactive,Both primary assays active - no viability interference detected,Active in both androgen assays; no viability activity detected
DTXSID9020796,Active,Inactive,Active,Inactive,Both primary assays active - no viability interference detected,Active in both androgen assays; no viability activity detected
DTXSID9020827,Active,Inactive,Active,Inactive,Both primary assays active - no viability interference detected,Active in both androgen assays; no viability activity detected
DTXSID9022366,Active,Inactive,Active,Inactive,Both primary assays active - no viability interference detected,Active in both androgen assays; no viability activity detected
DTXSID9022445,Active,Inactive,Active,Inactive,Both primary assays active - no viability interference detected,Active in both androgen assays; no viability activity detected
DTXSID9024986,Active,Inactive,Active,Inactive,Both primary assays active - no viability interference detected,Active in both androgen assays; no viability activity detected
DTXSID9025166,Active,Inactive,Active,Inactive,Both primary assays active - no viability interference detected,Active in both androgen assays; no viability activity detected
DTXSID9026219,Active,Inactive,Active,Inactive,Both primary assays active - no viability interference detected,Active in both androgen assays; no viability activity detected
DTXSID9026261,Active,Inactive,Active,Inactive,Both primary assays active - no viability interference detected,Active in both androgen assays; no viability activity detected
DTXSID9032379,Active,Inactive,Active,Inactive,Both primary assays active - no viability interference detected,Active in both androgen assays; no viability activity detected
DTXSID9032531,Active,Inactive,Active,Inactive,Both primary assays active - no viability interference detected,Active in both androgen assays; no viability activity detected
DTXSID9033923,Active,Inactive,Active,Inactive,Both primary assays active - no viability interference detected,Active in both androgen assays; no viability activity detected
DTXSID9034818,Active,Inactive,Active,Inactive,Both primary assays active - no viability interference detected,Active in both androgen assays; no viability activity detected
DTXSID9037539,Active,Inactive,Active,Inactive,Both primary assays active - no viability interference detected,Active in both androgen assays; no viability activity detected
DTXSID9040502,Active,Inactive,Active,Inactive,Both primary assays active - no viability interference detected,Active in both androgen assays; no viability activity detected
DTXSID9044790,Active,Inactive,Active,Inactive,Both primary assays active - no viability interference detected,Active in both androgen assays; no viability activity detected
DTXSID9044821,Active,Inactive,Active,Inactive,Both primary assays active - no viability interference detected,Active in both androgen assays; no viability activity detected
DTXSID9045631,Active,Inactive,Active,Inactive,Both primary assays active - no viability interference detected,Active in both androgen assays; no viability activity detected
DTXSID9045899,Active,Inactive,Active,Inactive,Both primary assays active - no viability interference detected,Active in both androgen assays; no viability activity detected
DTXSID9046152,Active,Inactive,Active,Inactive,Both primary assays active - no viability interference detected,Active in both androgen assays; no viability activity detected
DTXSID9046651,Active,Inactive,Active,Inactive,Both primary assays active - no viability interference detected,Active in both androgen assays; no viability activity detected
DTXSID9047330,Active,Inactive,Active,Inactive,Both primary assays active - no viability interference detected,Active in both androgen assays; no viability activity detected
DTXSID9047338,Active,Inactive,Active,Inactive,Both primary assays active - no viability interference detected,Active in both androgen assays; no viability activity detected
DTXSID9047540,Active,Inactive,Active,Inactive,Both primary assays active - no viability interference detected,Active in both androgen assays; no viability activity detected
DTXSID9047885,Active,Inactive,Active,Inactive,Both primary assays active - no viability interference detected,Active in both androgen assays; no viability activity detected
DTXSID9047962,Active,Inactive,Active,Inactive,Both primary assays active - no viability interference detected,Active in both androgen assays; no viability activity detected
DTXSID9048510,Active,Inactive,Active,Inactive,Both primary assays active - no viability interference detected,Active in both androgen assays; no viability activity detected
DTXSID9049243,Active,Inactive,Active,Inactive,Both primary assays active - no viability interference detected,Active in both androgen assays; no viability activity detected
